partid,age,sex,rating,n_seeking,n_avoiding,s_aspects,m_aspects,m_risk,s_risk,p_control,p_social,p_situation,med_frequency,p_active,mean_sentiment,min_sentiment,max_sentiment,SMRD,aspect_ind,yearsofedu,job,income,n_aspects,duration
p01n5qi2cl,39,female,0,0,4,-4,-1,-47.25,-189,0.25,0,0,2.5,0.75,-2.5,-3,-2,-1,4,13,employed,0_1k,4,349
p021ssajin,45,female,1,0,5,-5,-1,-41.6,-208,0.6666666666666666,0,0.5,2,1,-2,-3,-1,-1,5,16,employed,2k_3k,5,539
p08fcnk0hj,32,male,3,0,3,-3,-1,-44,-132,0,0,0.3333333333333333,4,0.5,-1,-1,-1,-1,3,17,employed,4k_5k,3,347
p08sennfgv,20,male,8,3,0,3,1,20.666666666666668,62,0,1,1,3,1,0.3333333333333333,0,1,1,3,15,student,1k_2k,3,629
p0g53tkf8o,34,male,7,2,0,2,1,39.5,79,1,0.5,1,3.5,0.5,0.5,0,1,1,2,16,employed,2k_3k,2,134
p0oa92mvhu,48,female,0,0,6,-6,-1,-49.833333333333336,-299,0.8333333333333334,0.6666666666666666,1,1.5,0.6666666666666666,-0.4,-1,1,-1,6,18,employed,2k_3k,6,288
p0ukliu18j,34,female,2,0,3,-3,-1,-42,-126,1,0,0.3333333333333333,5,0.3333333333333333,-2,-3,-1,-1,3,18,employed,1k_2k,3,265
p17frg3toe,29,female,7,3,3,0,0,5,30,0.5,0,0.16666666666666666,3,0.8,-1.3333333333333333,-2,0,0.6666666666666666,6,13,employed,0_1k,6,357
p1e4oq4tga,23,male,1,2,1,1,0.3333333333333333,3.3333333333333335,10,1,0,1,3,0,-1,-2,0,0,3,12,employed,1k_2k,3,186
p1r1ko3a6n,26,female,3,0,3,-3,-1,-19.333333333333332,-58,1,0,1,1,1,-1.6666666666666667,-3,0,-1,3,17,employed,3k_4k,3,330
p1ro9fujga,56,female,3,0,2,-2,-1,-45,-90,1,0,0.5,4,1,-2.5,-4,-1,-1,2,16,unemployed,0_1k,2,414
p1taj15j1d,36,male,7,4,0,4,1,39,156,NaN,0,1,2,1,-0.75,-2,0,1,4,16,employed,1k_2k,4,160
p2chi38atk,32,male,2,0,2,-2,-1,-32,-64,0.5,0.5,1,1,0,-2,-3,-1,-1,2,14,employed,0_1k,2,318
p2cuoibpid,25,female,3,1,2,-1,-0.3333333333333333,-19.333333333333332,-58,1,0,0,5,0.3333333333333333,-1,-2,1,1,3,16,employed,3k_4k,3,241
p2cvf2j5ug,32,female,8,2,0,2,1,25,50,1,NaN,1,1,1,1,1,1,1,2,20,employed,2k_3k,2,321
p2qr5d02ht,25,male,7,3,0,3,1,12.666666666666666,38,1,1,1,2,1,-1.3333333333333333,-2,0,1,3,4,employed,2k_3k,3,314
p2rebuo7c3,48,male,10,2,0,2,1,26,52,1,0,1,1,0,0,-1,1,1,2,12,employed,5k_x,2,289
p2ss3vbadg,25,female,3,0,7,-7,-1,-31.714285714285715,-222,0.5714285714285714,0,0.42857142857142855,2,0.5714285714285714,-1.1666666666666667,-2,-1,-1,7,12,selfemployed,0_1k,7,678
p35a1ai7bf,64,male,0,0,3,-3,-1,-48.666666666666664,-146,0.6666666666666666,0,1,3,1,-1.3333333333333333,-2,-1,-1,3,13,employed,5k_x,3,346
p3bja1q3il,30,male,6,2,1,1,0.3333333333333333,-3.6666666666666665,-11,1,0,0,3,1,-1.3333333333333333,-2,-1,0,3,16,selfemployed,5k_x,3,221
p3dcqbv326,29,female,1,0,4,-4,-1,-47.5,-190,0.5,1,1,3.5,1,-1.25,-2,-1,-1,4,11,employed,3k_4k,4,174
p3fk04hrgs,32,male,9,1,0,1,1,41,41,1,0,1,4,1,-1,-1,-1,1,1,18,employed,3k_4k,1,234
p3fk3o1bc9,31,female,2,0,2,-2,-1,-39,-78,0,0,0,3,0,-2,-2,-2,-1,2,14,unemployed,0_1k,2,184
p3jalp38g1,35,female,8,2,2,0,0,4.25,17,1,0.75,0.75,3.5,0.75,-0.75,-1,0,-1,4,20,employed,1k_2k,4,221
p3lera2r97,37,female,0,0,4,-4,-1,-50,-200,1,0,1,2,0.75,-1.25,-2,0,-1,4,18,employed,5k_x,4,262
p3ruvk7t59,34,female,0,0,2,-2,-1,-50,-100,1,1,1,NA,1,-2.5,-3,-2,-1,2,13,employed,0_1k,2,427
p3st2t8d7r,34,male,2,0,5,-5,-1,-34.4,-172,1,0,0.8,1,1,0,-1,1,-1,5,16,employed,2k_3k,5,354
p420mfq59t,24,male,6,3,0,3,1,22.333333333333332,67,0.6666666666666666,0,0,3,0.6666666666666666,-0.6666666666666666,-1,0,1,3,16,employed,1k_2k,3,239
p42e0m765p,68,female,5,4,1,3,0.6,9.8,49,0,0,0,3,1,-1.2,-2,0,0,5,14,retired,2k_3k,5,537
p42f7pvrt2,47,female,1,0,4,-4,-1,-48.75,-195,0.5,0,0,6,0.25,-2.5,-4,-1,-1,4,13,retired,2k_3k,4,775
p4b9eblea9,35,male,5,3,0,3,1,37.333333333333336,112,0.6666666666666666,0.3333333333333333,0,4,1,-0.3333333333333333,-1,0,1,3,16,employed,2k_3k,3,272
p4oucjvdm1,29,male,1,0,2,-2,-1,-44.5,-89,0.5,0,1,2.5,0.5,-1,-1,-1,-1,2,16,employed,1k_2k,2,181
p4rv1f9uih,28,male,10,1,0,1,1,32,32,1,1,1,2,1,-1,-1,-1,1,1,16,employed,1k_2k,1,274
p59eed6ltn,24,male,3,0,3,-3,-1,-28.333333333333332,-85,1,0,0,2,1,1,1,1,-1,3,17,employed,3k_4k,3,222
p5atb1nsd7,31,male,7,4,0,4,1,15,60,0.75,0,0,3,1,-0.6666666666666666,-2,0,1,4,16,employed,1k_2k,4,295
p5be8h0nak,39,male,8,3,0,3,1,43.666666666666664,131,0.3333333333333333,0,1,4,1,-0.6666666666666666,-2,0,1,3,15,employed,2k_3k,3,183
p5f7h569tl,43,female,1,0,3,-3,-1,-50,-150,0.3333333333333333,0,1,2,0.3333333333333333,-1,-1,-1,-1,3,14,selfemployed,0_1k,3,364
p5f7kt8pmj,25,female,7,7,1,6,0.75,12.625,101,0.8333333333333334,0.2857142857142857,1,2,0.75,-0.875,-3,0,-0.25,8,16,employed,3k_4k,8,923
p5pi6t9gsd,50,female,1,0,4,-4,-1,-43.5,-174,1,0,0.25,3,1,-0.75,-2,0,-1,4,14,unemployed,0_1k,4,416
p621b25c9i,34,female,2,0,4,-4,-1,-30.25,-121,1,0,0,3.5,0,-1.75,-2,-1,-1,4,19,selfemployed,1k_2k,4,332
p62e2ukh8m,32,female,2,0,2,-2,-1,-38,-76,0,0,0,3,0,-2.5,-4,-1,-1,2,16,unemployed,1k_2k,2,275
p668rikpgd,26,female,1,0,3,-3,-1,-48.666666666666664,-146,0,0,0.6666666666666666,4,0.3333333333333333,-2,-3,-1,-1,3,16,selfemployed,1k_2k,3,257
p689b7tigi,21,male,7,3,1,2,0.5,25,100,1,0.6666666666666666,0.75,2.5,1,-0.3333333333333333,-1,1,0.5,4,12,employed,1k_2k,4,296
p6ivk3kle6,25,male,10,1,0,1,1,49,49,0,0,1,2,0,-1,-1,-1,1,1,14,employed,1k_2k,1,226
p6k4qd8b38,33,male,3,0,4,-4,-1,-32.5,-130,1,1,0.3333333333333333,1,0.5,-1,-1,-1,-1,4,16,employed,5k_x,4,275
p6m4o06g2k,30,female,8,3,0,3,1,35.666666666666664,107,1,0,1,2,1,-1.3333333333333333,-2,-1,1,3,16,selfemployed,5k_x,3,574
p6n96ubl38,55,female,6,1,1,0,0,2,4,0.5,0,1,3.5,0.5,-1,-1,-1,1,2,12,employed,2k_3k,2,286
p6tg7dmknn,25,male,1,0,1,-1,-1,-50,-50,1,0,0,1,1,-1,-1,-1,-1,1,16,employed,3k_4k,1,252
p6vnbnqvv2,73,male,2,0,3,-3,-1,-38.333333333333336,-115,0.6666666666666666,0,0.3333333333333333,4,0.3333333333333333,-1.6666666666666667,-2,-1,-1,3,20,retired,4k_5k,3,394
p71jh3giea,25,male,5,0,1,-1,-1,-19,-19,1,0,1,2,0,-1,-1,-1,-1,1,12,employed,2k_3k,1,93
p74ntiluak,33,female,3,0,1,-1,-1,-37,-37,NaN,0,0,NA,NaN,-1,-1,-1,-1,1,12,unemployed,0_1k,1,187
p75s2qi84c,57,female,0,0,3,-3,-1,-50,-150,0,0,0,6,NaN,-2.3333333333333335,-3,-2,-1,3,15,employed,4k_5k,3,321
p76482i33p,27,female,2,0,3,-3,-1,-35,-105,0,0,0,NA,0.3333333333333333,-1.6666666666666667,-2,-1,-1,3,16,employed,1k_2k,3,254
p764r6onl3,50,male,1,0,2,-2,-1,-50,-100,0.5,0,0,5,0,-1,-1,-1,-1,2,18,selfemployed,2k_3k,2,351
p775e7r08j,23,male,0,0,2,-2,-1,-50,-100,NaN,1,1,NA,NaN,-1.5,-2,-1,-1,2,18,employed,3k_4k,2,472
p7dan4d83h,25,female,0,0,1,-1,-1,-50,-50,1,0,0,2,0,-1,-1,-1,-1,1,14,selfemployed,1k_2k,1,96
p7evqmdeek,32,male,10,5,0,5,1,41.8,209,0.8,0.2,1,3,0.8,-1,-1,-1,1,5,12,employed,3k_4k,5,266
p7fh2ooref,58,female,3,2,8,-6,-0.5,-18.75,-225,0.75,0.08333333333333333,1,5,1,-1.3333333333333333,-4,1,0,12,16,retired,1k_2k,12,1530
p7jvn0ukre,42,male,1,0,3,-3,-1,-50,-150,1,0,0,1,1,-1.3333333333333333,-2,0,-1,3,12,employed,2k_3k,3,476
p7lla7nfcj,21,female,4,2,4,-2,-0.3333333333333333,0.6666666666666666,4,0.4,0,0.6666666666666666,3,1,-1.2,-2,-1,-0.16666666666666666,6,16,employed,0_1k,6,707
p7loem1g49,60,female,1,0,4,-4,-1,-36,-144,0.5,0,0.6666666666666666,2.5,0.6666666666666666,-1,-2,0,-1,4,16,selfemployed,1k_2k,4,410
p7ola58i6r,44,female,1,0,4,-4,-1,-49.5,-198,1,0.75,0.75,6,0.5,-0.5,-1,1,-1,4,16,employed,0_1k,4,369
p7u54fcc4q,65,female,4,5,3,2,0.25,10.125,81,0.375,0.25,0.25,3,0.6,-0.42857142857142855,-2,1,-0.75,8,14,employed,2k_3k,8,686
p8178lhu71,49,female,1,0,2,-2,-1,-49,-98,1,1,0,2,1,0,-1,1,-1,2,13,employed,0_1k,2,258
p81792oc4t,36,female,2,0,4,-4,-1,-49.75,-199,1,0,0,2.5,1,-0.25,-1,0,-1,4,12,employed,2k_3k,4,547
p876nerobm,48,male,6,2,1,1,0.3333333333333333,-4.666666666666667,-14,1,0,0,3,1,-1,-2,0,-1,3,15,employed,3k_4k,3,430
p8bjleaivo,37,female,2,0,5,-5,-1,-49,-245,0,1,0.8,5,0.8,-2.2,-3,-1,-1,5,14,selfemployed,1k_2k,5,601
p8j43n1q2e,27,female,2,0,5,-5,-1,-25.6,-128,0,0,0.6,3,0.6,-1,-1,-1,-1,5,14,unemployed,0_1k,5,324
p95594cp0p,37,male,9,5,0,5,1,26.8,134,0.4,0,0,1,0.6,-0.6,-1,0,1,5,13,employed,2k_3k,5,407
p961d9h451,32,male,10,5,0,5,1,50,250,0.8,0.6,1,1,1,0.8,-2,2,1,5,16,employed,5k_x,5,758
p98vdnfo6t,40,female,1,0,4,-4,-1,-37.25,-149,1,0,0,2,1,-1.25,-3,0,-1,4,16,employed,3k_4k,4,222
p99pd2g2hd,33,male,4,0,2,-2,-1,-50,-100,1,0,1,2,1,-1,-2,0,-1,2,16,employed,1k_2k,2,283
p9i1pcugbb,30,male,8,2,0,2,1,18,36,1,0,0.5,1,1,0,-1,1,1,2,18,employed,5k_x,2,126
pa0ckrqnqp,24,female,0,0,5,-5,-1,-50,-250,0,0.75,0.4,5,0.75,-1.4,-3,1,-1,5,18,student,1k_2k,5,511
paah0tgdb0,29,male,3,0,6,-6,-1,-20.166666666666668,-121,1,0,1,2,1,-0.75,-2,1,-1,6,20,employed,3k_4k,6,594
pae1oh4880,32,male,1,0,4,-4,-1,-44.5,-178,0,0,1,6,0,-1.75,-3,-1,-1,4,16,employed,1k_2k,4,158
paeds93mh8,27,female,6,1,1,0,0,3.3333333333333335,10,1,0,0.6666666666666666,6,0.6666666666666666,-2,-2,-2,-0.6666666666666666,3,20,employed,0_1k,3,723
pajlcbu2t0,33,male,6,3,0,3,1,17,51,1,0,1,5,1,-0.3333333333333333,-1,0,1,3,12,employed,2k_3k,3,249
paktl8bjj7,27,female,1,0,2,-2,-1,-50,-100,0,0.5,1,1,1,-0.5,-1,0,-1,2,17,employed,2k_3k,2,141
palvq0qt8k,34,male,7,3,0,3,1,36,108,1,0,0,1,1,-0.3333333333333333,-1,0,1,3,16,selfemployed,4k_5k,3,344
papbma6ag3,37,female,1,0,2,-2,-1,-42.5,-85,0.5,0.5,1,2.5,0.5,-1.5,-2,-1,-1,2,16,selfemployed,2k_3k,2,198
paq7t1fa6i,36,male,2,0,3,-3,-1,-33,-99,0.3333333333333333,0.3333333333333333,0.5,1.5,0.3333333333333333,-0.3333333333333333,-1,0,-1,3,4,employed,3k_4k,3,575
pbai7dfvr0,42,male,8,6,0,6,1,32,192,0.6666666666666666,0.5,1,3,0.8333333333333334,0,-1,1,1,6,20,employed,5k_x,6,286
pbo5rcjj99,34,female,0,0,1,-1,-1,-49,-49,0,1,0,6,1,0,0,0,-1,1,16,employed,1k_2k,1,386
pbueln0nn6,64,female,3,0,2,-2,-1,-32,-64,0,0,0.5,3,1,-2,-2,-2,-1,2,13,selfemployed,0_1k,2,258
pbv2l7v8b7,31,female,7,2,0,2,1,39.5,79,0.5,0,1,3,1,-1,-2,0,1,2,15,employed,2k_3k,2,347
pc6644v8tl,48,female,1,0,6,-6,-1,-41.333333333333336,-248,0.75,0.25,1,5,0.5,-2,-3,0,-1,6,13,employed,1k_2k,6,764
pc8udbdtju,45,male,1,0,3,-3,-1,-45,-135,0.3333333333333333,0,0.3333333333333333,6,0,-1.3333333333333333,-2,-1,-1,3,16,employed,5k_x,3,476
pcq03ude4t,42,male,8,4,0,4,1,38.75,155,1,0.25,1,2,1,-0.25,-2,1,1,4,18,employed,4k_5k,4,269
pcq9uj020s,44,male,1,0,3,-3,-1,-42.666666666666664,-128,0.6666666666666666,0,0.3333333333333333,2,1,-1.6666666666666667,-2,-1,-1,3,16,employed,5k_x,3,295
pcqs85n21b,43,male,1,0,7,-7,-1,-50,-350,1,0,0,NA,NaN,-0.42857142857142855,-2,1,-1,7,12,employed,2k_3k,7,716
pcvfb8p5b5,32,male,2,0,3,-3,-1,-41.333333333333336,-124,NaN,0,0,2,NaN,-0.6666666666666666,-1,0,-1,3,12,unemployed,0_1k,3,396
pda8fk4eha,40,male,6,2,2,0,0,-5.5,-22,1,0.25,0.5,2.5,1,-1,-1,-1,0,4,15,student,5k_x,4,368
pddp1iltbm,39,female,0,0,2,-2,-1,-50,-100,1,0,0,NA,1,-0.5,-1,0,-1,2,15,employed,1k_2k,2,219
pdk8em8rrq,58,female,2,0,8,-8,-1,-39.75,-318,1,0,0.75,2,0.8571428571428571,-0.75,-2,1,-1,8,14,employed,2k_3k,8,724
pdliik9kne,67,male,3,0,3,-3,-1,-32,-96,1,0,1,3,1,-1,-1,-1,-1,3,16,retired,1k_2k,3,594
pdqk6hs9e4,51,female,1,0,4,-4,-1,-49,-196,1,0,0.25,2.5,1,-2,-3,-1,-1,4,14,selfemployed,1k_2k,4,408
pe142cqfak,55,female,2,0,3,-3,-1,-10.666666666666666,-32,1,0,0,1,0.6666666666666666,-1.6666666666666667,-2,-1,-1,3,12,retired,1k_2k,3,391
pe996fld73,56,female,2,0,4,-4,-1,-50,-200,1,0,0,3,1,-1.5,-2,-1,-1,4,16,employed,1k_2k,4,367
pel92bgn51,34,male,1,0,5,-5,-1,-42.2,-211,0.6,1,1,1,0.6,-1,-2,0,-1,5,16,employed,2k_3k,5,299
pemvdndov1,36,female,6,1,3,-2,-0.5,-10.25,-41,0.6666666666666666,0,0.5,4,0.6666666666666666,-1.5,-2,-1,-1,4,16,employed,0_1k,4,623
pes7cp1ohf,40,male,1,0,3,-3,-1,-21.333333333333332,-64,1,0,0,1,0.3333333333333333,0.6666666666666666,0,1,-1,3,16,employed,2k_3k,3,241
pf0g5fnb18,52,male,7,4,0,4,1,36,144,0.5,0,1,3,1,-1,-3,0,1,4,18,employed,5k_x,4,486
pf0ncrbiki,40,female,0,0,2,-2,-1,-50,-100,1,0,1,1,1,2,1,3,-1,2,14,employed,1k_2k,2,228
pf1ok9j6mf,58,female,0,0,3,-3,-1,-50,-150,1,0,1,2,1,-1.6666666666666667,-3,0,-1,3,16,employed,3k_4k,3,344
pf28ih4eu6,27,male,10,11,0,11,1,50,550,1,0,0.5454545454545454,1,1,-0.8181818181818182,-2,1,1,11,16,employed,5k_x,11,753
pffu1o02vu,30,male,6,1,0,1,1,22,22,1,1,1,1,1,0,0,0,1,1,16,employed,3k_4k,1,103
pfg9qmo3qm,69,female,2,1,4,-3,-0.6,-24.6,-123,0.6,0.4,0.6,3,0.4,-1.25,-2,-1,-1,5,13,retired,1k_2k,5,684
pfn64lqsph,36,female,1,0,2,-2,-1,-31,-62,1,0,1,1,1,-0.5,-1,0,-1,2,16,selfemployed,0_1k,2,180
pfr0l0hae0,65,male,1,0,3,-3,-1,-49.333333333333336,-148,1,1,1,2,0,-2,-2,-2,-1,3,17,employed,2k_3k,3,672
pfun3j6ut0,34,male,7,2,1,1,0.3333333333333333,-0.3333333333333333,-1,0.6666666666666666,0.6666666666666666,0.6666666666666666,2,0.3333333333333333,-1,-1,-1,0,3,15,employed,5k_x,3,244
pg3evmk92s,30,male,6,2,1,1,0.3333333333333333,4.333333333333333,13,1,0,0,3,1,-1,-3,1,1,3,14,selfemployed,1k_2k,3,420
pga0e1dm62,37,male,7,4,0,4,1,21,84,1,0.25,0.25,1.5,1,-1,-1,-1,1,4,29,employed,5k_x,4,374
pgjsv4g3p0,49,female,1,0,3,-3,-1,-50,-150,0.6666666666666666,0,0,1,NaN,-1,-1,-1,-1,3,16,unemployed,0_1k,3,424
pgnjj2v38d,54,male,0,0,1,-1,-1,-40,-40,1,0,0,2,1,-1,-1,-1,-1,1,11,selfemployed,1k_2k,1,152
ph5g2uihje,27,male,1,0,5,-5,-1,-46.2,-231,0.8,0,1,3,0.6,-0.8,-1,0,-1,5,14,selfemployed,0_1k,5,548
ph5m9h66nm,26,male,7,2,0,2,1,16.5,33,0,1,0,2.5,0,-1,-1,-1,1,2,16,employed,2k_3k,2,146
ph81j4b6fb,32,male,3,0,3,-3,-1,-48.666666666666664,-146,1,0,0.5,3,0.6666666666666666,1.3333333333333333,1,2,-1,3,16,employed,2k_3k,3,566
pha3pmd5r1,34,female,5,1,0,1,1,2,2,1,0,0,2,NaN,0,0,0,1,1,20,unemployed,0_1k,1,120
phafivbdml,29,male,7,3,1,2,0.5,22.5,90,0.5,0,0.5,3,0.75,-1,-2,1,-0.5,4,14,employed,2k_3k,4,474
pheqv1o4bi,45,male,7,2,2,0,0,-11.75,-47,1,0,1,1,1,0,-2,2,0.5,4,16,employed,4k_5k,4,516
phf8vg122e,57,female,7,2,1,1,0.3333333333333333,12,36,0.6666666666666666,0,1,4,0.6666666666666666,-0.3333333333333333,-2,1,1,3,12,employed,1k_2k,3,271
phgd1fotld,27,male,1,0,1,-1,-1,-50,-50,NaN,0,0,NA,NaN,-2,-2,-2,-1,1,16,employed,3k_4k,1,147
phnc8t6ol9,28,female,1,0,8,-8,-1,-48,-384,0.25,0,0.75,3,0.75,-0.75,-3,2,-1,8,16,employed,5k_x,8,524
php3113cce,34,male,4,0,5,-5,-1,-19.4,-97,0.2,0.2,0.6,1,0.6,-1.6,-3,-1,-1,5,16,selfemployed,0_1k,5,370
phtukonc17,41,male,7,1,0,1,1,23,23,1,0,0,2,1,-1,-1,-1,1,1,18,employed,3k_4k,1,118
phvr676g54,66,male,1,1,2,-1,-0.3333333333333333,-18.666666666666668,-56,1,0,0,3,0,0.3333333333333333,-1,1,1,3,12,selfemployed,2k_3k,3,408
pi2gguep6a,70,female,0,0,6,-6,-1,-43.333333333333336,-260,0.6666666666666666,0.3333333333333333,0.8333333333333334,3,0.6666666666666666,-1.5,-4,1,-1,6,14,retired,5k_x,6,1078
pi3g5e91tk,29,female,2,0,4,-4,-1,-43.25,-173,0.25,0.25,0.25,6,0.25,-1.5,-2,-1,-1,4,16,unemployed,0_1k,4,291
pieg7b7s35,24,female,6,2,2,0,0,4.25,17,0.25,0,0.5,4,0.25,-1.25,-2,0,0.5,4,17,employed,2k_3k,4,270
piheliu2iq,46,female,7,1,0,1,1,7,7,1,0,0,1,0,0,0,0,1,1,16,employed,1k_2k,1,143
piokq0dfpr,50,female,7,3,1,2,0.5,18.5,74,1,0.5,0.5,4,1,-0.75,-2,0,-1,4,13,employed,1k_2k,4,374
pj0s9l55ia,27,female,2,0,2,-2,-1,-28.5,-57,1,0,0,3,1,1,1,1,-1,2,17,selfemployed,1k_2k,2,185
pjaipfg4ug,23,female,9,4,0,4,1,45.5,182,1,0,0,3,1,-0.75,-2,0,1,4,13,unemployed,0_1k,4,387
pjbuj9okvi,25,female,7,4,0,4,1,22.75,91,0.75,0,0.25,3,1,0.25,-1,2,1,4,17,employed,2k_3k,4,339
pjiokntims,52,female,3,1,9,-8,-0.8,-33.5,-335,0.6,0.1,1,3,1,-0.75,-3,1,0.2,10,18,employed,5k_x,10,579
pjkmi6p483,25,male,7,1,1,0,0,-3,-6,1,0,0.5,2,1,-1.5,-3,0,1,2,16,employed,5k_x,2,368
pjmfaicge9,42,male,0,0,1,-1,-1,-50,-50,1,NaN,NaN,NA,1,0,0,0,-1,1,12,employed,5k_x,1,393
pjnmqtljgr,18,male,9,4,0,4,1,36.25,145,1,0.25,0.25,2.5,1,-1.75,-3,-1,1,4,13,student,1k_2k,4,168
pjqfr36tuv,58,female,6,1,2,-1,-0.3333333333333333,-7,-21,0.6666666666666666,0,0.6666666666666666,3,1,-0.3333333333333333,-2,1,0,3,14,employed,1k_2k,3,394
pk1i57og54,27,male,1,0,3,-3,-1,-37,-111,0.6666666666666666,0,0.5,2.5,1,-1.3333333333333333,-3,0,-1,3,14,employed,2k_3k,3,431
pkgv8c3h3j,35,male,1,0,2,-2,-1,-50,-100,0,0,0,2,0.5,-1.5,-2,-1,-1,2,16,employed,3k_4k,2,158
pkiuh7rqvu,59,male,3,2,3,-1,-0.2,-18.6,-93,0.8,0.8,1,2.5,1,-1,-2,0,-1,5,15,employed,3k_4k,5,475
pkovd8l667,34,female,3,1,1,0,0,-7,-14,0,0,0,2,NaN,-2,-2,-2,-1,2,14,employed,1k_2k,2,253
pkpenn3v42,34,female,2,1,2,-1,-0.3333333333333333,-21.333333333333332,-64,0,0,0.3333333333333333,4,0.6666666666666666,-2,-3,-1,-1,3,16,selfemployed,0_1k,3,232
pkqi59lujp,31,female,8,2,0,2,1,15,30,0,0,0,3,1,-0.5,-2,1,1,2,14,selfemployed,0_1k,2,204
pkqk16c93v,29,female,1,0,2,-2,-1,-48,-96,0,0,1,1,0.5,-2,-3,-1,-1,2,13,employed,1k_2k,2,211
pksurk0hbb,33,male,2,0,2,-2,-1,-44,-88,0.5,0,0,3,0.5,-1,-2,0,-1,2,14,employed,1k_2k,2,443
pl1gu9l8m3,27,female,1,0,3,-3,-1,-42,-126,NaN,0,0,1,0.3333333333333333,-1,-2,0,-1,3,14,employed,2k_3k,3,339
pl1jjs135f,22,male,8,2,0,2,1,37.5,75,NaN,0,1,5.5,0,-1,-1,-1,1,2,16,employed,0_1k,2,649
pl40upe2b5,25,female,7,3,0,3,1,28.666666666666668,86,NaN,0,0,3,1,1,0,2,1,3,16,employed,2k_3k,3,192
plgsronuv4,22,male,2,0,3,-3,-1,-46.666666666666664,-140,0.6666666666666666,0.3333333333333333,0.6666666666666666,3,0.3333333333333333,-0.3333333333333333,-1,1,-1,3,12,employed,1k_2k,3,380
plm290dpup,36,female,6,4,0,4,1,28,112,0.75,0.5,1,4,1,-0.25,-1,0,1,4,19,employed,3k_4k,4,242
pm42618oco,27,female,4,0,5,-5,-1,-41.6,-208,0,0,0.6,3,0.6,-1.6,-3,-1,-1,5,16,selfemployed,0_1k,5,224
pm4s2hpf4p,25,male,2,0,5,-5,-1,-40.6,-203,0.4,0,0.2,2,1,-2.2,-3,-1,-1,5,14,employed,0_1k,5,497
pm704fj6e7,25,male,1,0,2,-2,-1,-47.5,-95,1,0.5,1,1.5,0.5,-2,-2,-2,-1,2,18,employed,1k_2k,2,426
pmaoctfpvq,25,male,7,4,0,4,1,22.5,90,1,0,1,3,0.5,0,0,0,1,4,20,employed,4k_5k,4,285
pmchgjmkej,39,male,6,0,1,-1,-1,-8,-8,1,0,1,2,1,0,0,0,-1,1,16,employed,2k_3k,1,161
pmjahfv0dm,25,male,8,4,0,4,1,31.75,127,0.75,0.3333333333333333,1,3.5,1,-1,-1,-1,1,4,16,selfemployed,0_1k,4,302
pmvrhv1aph,62,female,0,0,2,-2,-1,-50,-100,0,0,0,1,0,-1,-1,-1,-1,2,16,employed,1k_2k,2,303
pn1lf5g7qc,47,male,8,4,0,4,1,30,120,0.25,0,0.75,4.5,1,-1.6666666666666667,-2,-1,1,4,29,unemployed,0_1k,4,538
pn73cj70pg,63,male,1,0,3,-3,-1,-43,-129,1,0,0,2,0,-2.3333333333333335,-4,0,-1,3,16,retired,2k_3k,3,536
pn9dto7d9f,30,male,6,1,1,0,0,-13.5,-27,1,0.5,0.5,1.5,1,-2,-2,-2,-1,2,20,employed,4k_5k,2,311
pncjb3oc9h,24,male,5,1,0,1,1,5,5,NaN,0,0,NA,NaN,0,0,0,1,1,13,employed,0_1k,1,252
pncnv2dom0,60,male,8,5,0,5,1,47,235,1,0.4,1,5,1,-0.6,-1,0,1,5,14,employed,2k_3k,5,615
pncs0ht0r2,26,male,0,0,4,-4,-1,-50,-200,1,1,1,3,1,-1.25,-2,0,-1,4,16,employed,2k_3k,4,184
pns0bk5bpg,45,female,6,1,0,1,1,12,12,0,0,0,3,1,-1,-1,-1,1,1,17,employed,2k_3k,1,177
pnu8ljve5b,70,male,3,0,3,-3,-1,-36.666666666666664,-110,NaN,0,0.3333333333333333,NA,0.6666666666666666,0.3333333333333333,0,1,-1,3,15,retired,2k_3k,3,504
po0b5hvksl,32,female,8,5,0,5,1,28.2,141,1,0,1,3,0.8,-0.75,-1,0,1,5,18,employed,1k_2k,5,209
po1ihq75ko,45,female,7,2,1,1,0.3333333333333333,8.333333333333334,25,0.6666666666666666,0,0.6666666666666666,3,0.6666666666666666,-1,-2,0,-1,3,14,employed,1k_2k,3,223
po20cce0oc,38,female,1,0,4,-4,-1,-50,-200,1,0,0,2.5,0,-1.75,-2,-1,-1,4,14,unemployed,1k_2k,4,360
po2avet7op,38,female,7,0,2,-2,-1,-26.5,-53,0,0,1,1,1,-2,-2,-2,-1,2,14,employed,2k_3k,2,500
po45u0nri5,68,female,4,0,2,-2,-1,-17.5,-35,0.5,0.5,0,1,0.5,-1,-1,-1,-1,2,16,retired,4k_5k,2,378
po59r3bl5f,56,male,2,0,5,-5,-1,-31.2,-156,0.2,0,1,3,0.2,-1.4,-2,0,-1,5,16,employed,3k_4k,5,917
po6didsknl,30,female,1,0,3,-3,-1,-48.333333333333336,-145,1,0.3333333333333333,0.6666666666666666,6,0.5,-1,-1,-1,-1,3,19,employed,3k_4k,3,477
po9c716m7i,36,female,6,0,3,-3,-1,-32.666666666666664,-98,1,0.5,1,3.5,1,-1,-1,-1,-1,3,16,employed,3k_4k,3,171
pohc5dnk6g,32,male,9,9,0,9,1,19.11111111111111,172,1,1,1,1,1,0.8,-1,2,1,9,4,employed,1k_2k,9,299
pojroad8av,56,female,0,0,1,-1,-1,-50,-50,1,0,0,1,1,0,0,0,-1,1,12,selfemployed,0_1k,1,179
pokc96mq5l,27,male,9,6,0,6,1,34.333333333333336,206,1,0,0.5,2,0.6666666666666666,-0.8333333333333334,-2,1,1,6,16,employed,1k_2k,6,237
pokleml5q2,22,female,4,3,2,1,0.2,-1.4,-7,0.6,0.6,1,2,0.4,0,-2,1,-0.8,5,22,student,0_1k,5,391
ponkvd5uhd,47,female,4,0,3,-3,-1,-31,-93,0.3333333333333333,0,0.6666666666666666,3,0,-1.3333333333333333,-2,-1,-1,3,13,employed,0_1k,3,358
povck861kk,28,male,7,4,0,4,1,16.5,66,1,0.25,0.25,3,0.75,-0.5,-1,0,1,4,16,employed,2k_3k,4,338
pp09h8mu6v,39,male,2,0,3,-3,-1,-50,-150,0.6666666666666666,0,0.3333333333333333,3,0.6666666666666666,-1.6666666666666667,-2,-1,-1,3,15,employed,3k_4k,3,294
pp552vm3jb,53,male,2,0,6,-6,-1,-50,-300,0.3333333333333333,0.16666666666666666,0.8333333333333334,5,0,-1.1666666666666667,-2,-1,-1,6,18,selfemployed,3k_4k,6,537
pp5ad6r9ka,31,female,3,0,2,-2,-1,-34,-68,1,0,0,1,1,-2,-2,-2,-1,2,15,employed,2k_3k,2,190
pp6jirdmle,28,male,8,3,0,3,1,39.666666666666664,119,1,0,0.3333333333333333,3,0.6666666666666666,-0.3333333333333333,-1,0,1,3,16,employed,2k_3k,3,274
ppbi6f89nl,47,female,3,0,2,-2,-1,-37.5,-75,1,0,1,2,1,-1,-2,0,-1,2,18,selfemployed,1k_2k,2,407
ppq4ehuvoi,27,female,5,0,4,-4,-1,-17.25,-69,1,0,1,3,1,-1.25,-2,-1,-1,4,16,employed,3k_4k,4,378
pq6mcgoqgt,45,female,5,1,2,-1,-0.3333333333333333,-14,-42,0.6666666666666666,0,1,6,1,-2,-3,-1,-1,3,17,employed,3k_4k,3,298
pq7r70mnvs,21,female,3,0,3,-3,-1,-47.333333333333336,-142,1,0.3333333333333333,0.5,1,0.3333333333333333,1,1,1,-1,3,15,employed,3k_4k,3,199
pq93i0114s,23,male,10,4,0,4,1,50,200,1,0,1,3,0.75,-1,-2,0,1,4,13,employed,4k_5k,4,253
pqp37b82le,38,male,1,0,3,-3,-1,-44.333333333333336,-133,1,0,0,6,0.3333333333333333,0.3333333333333333,-1,1,-1,3,12,employed,3k_4k,3,381
pr1tt4np6b,25,male,1,0,4,-4,-1,-50,-200,0,1,1,2,0,0,-1,1,-1,4,16,employed,0_1k,4,240
pr6sekml7n,32,male,6,0,2,-2,-1,-16.5,-33,0,0,1,3,1,0.5,0,1,-1,2,12,employed,1k_2k,2,830
pre5kgo540,39,female,2,2,1,1,0.3333333333333333,4,12,0.6666666666666666,0,0.3333333333333333,3,0.6666666666666666,-1.3333333333333333,-3,0,-1,3,16,employed,1k_2k,3,297
prhlujas8r,30,male,3,0,1,-1,-1,-31,-31,1,0,0,2,0,-2,-2,-2,-1,1,14,employed,2k_3k,1,204
prsjqob67b,28,male,8,3,0,3,1,19.666666666666668,59,0.3333333333333333,0,1,3,0.6666666666666666,0,-2,3,1,3,16,employed,3k_4k,3,269
prvfvtbati,33,male,3,3,3,0,0,-1.8333333333333333,-11,1,1,1,2,1,-0.3333333333333333,-2,2,-0.3333333333333333,6,18,selfemployed,1k_2k,6,425
ps0k8ig481,32,male,10,2,0,2,1,50,100,0,0,0,2,1,-0.5,-1,0,1,2,12,employed,2k_3k,2,149
ps8bpoliol,27,male,8,4,0,4,1,50,200,1,0.25,1,1.5,1,-0.75,-2,1,1,4,16,employed,4k_5k,4,290
ps98rq7foh,30,male,6,2,0,2,1,31.5,63,1,0.5,1,3,1,-1,-1,-1,1,2,16,employed,5k_x,2,536
psmasc3auq,33,male,2,0,2,-2,-1,-39,-78,1,0,0,3,1,0,-1,1,-1,2,22,employed,3k_4k,2,196
pspnd84g9s,34,female,2,0,4,-4,-1,-32.75,-131,1,0.25,1,2,1,-1.25,-2,-1,-1,4,12,selfemployed,2k_3k,4,476
pss5736g4h,24,male,10,6,0,6,1,50,300,1,0.2,1,1,0.6666666666666666,0.25,-1,1,1,6,20,selfemployed,5k_x,6,411
pstctu83l8,45,male,1,0,2,-2,-1,-50,-100,0.5,0,0,6,1,-4.5,-6,-3,-1,2,14,employed,1k_2k,2,415
pt4j0pokcj,29,male,3,0,5,-5,-1,-39.6,-198,1,0,0.5,1,0.8,-0.8,-3,2,-1,5,14,selfemployed,0_1k,5,456
pt4ok81osa,22,male,0,0,2,-2,-1,-50,-100,1,0,0,2.5,0,-1.5,-2,-1,-1,2,12,selfemployed,4k_5k,2,149
pt8dna484n,40,male,8,3,2,1,0.2,3.8,19,0.8,0,0.4,2,0.75,-1,-2,0,-0.2,5,16,employed,5k_x,5,504
ptfcfaaij3,24,male,10,3,0,3,1,38,114,1,0,0,2,1,-0.3333333333333333,-1,0,1,3,12,employed,1k_2k,3,141
pti8q2pfad,26,male,0,0,4,-4,-1,-44,-176,0.75,0,0.3333333333333333,1.5,1,0,-1,1,-1,4,18,employed,1k_2k,4,335
ptiaaae9ud,27,male,1,0,4,-4,-1,-42,-168,0.75,0,0.75,4,0.5,-1,-2,0,-1,4,17,employed,1k_2k,4,423
ptmnc45138,23,male,8,1,0,1,1,36,36,1,1,1,2,1,0,0,0,1,1,6,selfemployed,0_1k,1,150
ptqjgjf25d,37,male,3,0,1,-1,-1,-38,-38,1,0,1,1,1,0,0,0,-1,1,16,employed,3k_4k,1,221
ptqlp2k09d,39,female,3,1,2,-1,-0.3333333333333333,-18.333333333333332,-55,0.6666666666666666,0.3333333333333333,0,2,1,-0.3333333333333333,-2,2,1,3,14,employed,4k_5k,3,244
ptqu4ourub,45,female,8,3,0,3,1,41.666666666666664,125,0.3333333333333333,0,1,1,0.6666666666666666,-1,-1,-1,1,3,12,selfemployed,3k_4k,3,315
ptu7m20por,72,female,1,0,4,-4,-1,-49.75,-199,1,0,0,2.5,1,-1,-2,1,-1,4,20,employed,4k_5k,4,506
pu5k586m01,34,male,3,0,2,-2,-1,-36,-72,1,0,0.5,1.5,0.5,1,0,2,-1,2,13,selfemployed,2k_3k,2,239
pubvue9nof,33,female,0,0,1,-1,-1,-50,-50,0,0,1,2,0,-2,-2,-2,-1,1,14,employed,1k_2k,1,145
pumidl9a5m,34,female,3,0,3,-3,-1,-50,-150,1,0,0.6666666666666666,4,1,-2,-2,-2,-1,3,16,employed,2k_3k,3,288
pv3l4i7h97,52,female,1,0,2,-2,-1,-48,-96,1,0,0,2,1,-0.5,-1,0,-1,2,16,employed,3k_4k,2,185
pve9ncn9s6,35,male,10,4,0,4,1,28.5,114,0.75,0,0.5,2.5,0.5,-0.75,-2,0,1,4,18,employed,5k_x,4,678
pvlbb9h2ok,30,male,3,0,4,-4,-1,-37,-148,1,0,0,1.5,1,-0.3333333333333333,-1,1,-1,4,14,selfemployed,0_1k,4,249
pvmdov8kus,45,male,10,1,0,1,1,47,47,1,0,1,4,1,-1,-1,-1,1,1,16,employed,0_1k,1,271
pvojep7hrk,70,female,6,1,3,-2,-0.5,-3,-12,1,0.25,1,6,0.6666666666666666,-1,-2,0,1,4,12,selfemployed,5k_x,4,486
pvsp7i8pvn,57,female,3,2,2,0,0,-16,-64,0.75,0,1,1,1,-2.25,-4,-1,-0.5,4,17,selfemployed,1k_2k,4,1028
pvv3hg6tjb,33,male,8,3,0,3,1,37.666666666666664,113,0,0,0.3333333333333333,2,0.5,-1.3333333333333333,-3,0,1,3,16,employed,4k_5k,3,280
pr4ak5i3sl,26,female,9,4,0,4,1,31.25,125,1,1,1,3.5,1,NaN,Inf,-Inf,1,4,16,employed,4k_5k,4,142
p7s0qv9m0d,36,male,4,0,2,-2,-1,-14,-28,1,0,0,1.5,1,NaN,Inf,-Inf,-1,2,18,employed,3k_4k,2,147
p6mq9bhhpb,45,male,5,0,4,-4,-1,-21.5,-86,1,0,0,2,0.75,-2,-2,-2,-1,4,14,employed,2k_3k,4,226
pvde81okc3,29,male,8,4,0,4,1,37.25,149,1,NaN,1,3.5,1,-1,-1,-1,1,4,16,employed,3k_4k,4,223
pmrojsjeh0,36,female,1,0,4,-4,-1,-32.25,-129,0.25,0,0.25,1,0.25,0,-1,1,-1,4,13,employed,4k_5k,4,176
ptoru8sg0c,31,male,6,2,2,0,0,-3.5,-14,0.25,0,0.5,3,1,0,-1,1,1,4,15,employed,2k_3k,4,294
pogc712epf,35,male,1,0,5,-5,-1,-45.4,-227,1,0,1,2,0.4,-0.3333333333333333,-1,1,-1,5,18,employed,3k_4k,5,368
ppu090ss8n,35,male,2,0,4,-4,-1,-36,-144,1,1,1,1,1,NaN,Inf,-Inf,-1,4,18,employed,4k_5k,4,280
p24aloafpe,55,female,9,1,0,1,1,50,50,1,1,1,1,1,NaN,Inf,-Inf,1,1,3,selfemployed,0_1k,1,302
pn5a9a3qva,29,female,7,4,3,1,0.14285714285714285,-6.142857142857143,-43,0.2,0,0.5714285714285714,3,0.8571428571428571,0.6666666666666666,-1,2,-0.7142857142857143,7,18,employed,2k_3k,7,341
pilgv71l13,37,male,8,3,0,3,1,38.666666666666664,116,1,0.3333333333333333,0,2,1,0,0,0,1,3,17,employed,1k_2k,3,280
pjomiut9f3,20,male,5,0,4,-4,-1,-24.25,-97,1,0,0,2,1,-1,-2,0,-1,4,14,selfemployed,1k_2k,4,820
psrrgsojv6,42,female,10,1,0,1,1,32,32,1,1,1,2,1,NaN,Inf,-Inf,1,1,16,employed,4k_5k,1,164
pktvbaqfgq,37,male,2,0,3,-3,-1,-47.333333333333336,-142,0.6666666666666666,0,0,3,0.6666666666666666,-1.5,-2,-1,-1,3,16,employed,2k_3k,3,390
pbkjfru1lp,38,female,2,0,5,-5,-1,-45.8,-229,0.6,0,0.2,2,0.6,-1,-1,-1,-1,5,16,employed,3k_4k,5,401
p5po8b0u17,44,male,9,4,0,4,1,41,164,0.75,0,1,2.5,1,1,0,2,1,4,16,employed,5k_x,4,906
pv0evsea4b,35,female,1,0,3,-3,-1,-44.666666666666664,-134,0.6666666666666666,0,0.6666666666666666,3,0.6666666666666666,-1.5,-2,-1,-1,3,16,selfemployed,0_1k,3,355
p90o1dab0u,57,female,2,0,2,-2,-1,-42.5,-85,NaN,0,0,2,NaN,-1,-1,-1,-1,2,12,employed,5k_x,2,326
pnur43f063,40,female,6,3,0,3,1,32.333333333333336,97,1,0.6666666666666666,1,3,1,0.5,0,1,1,3,12,employed,3k_4k,3,434
pc10skk9at,40,male,7,2,0,2,1,30.5,61,0.5,0,1,1.5,1,-2,-2,-2,1,2,16,employed,4k_5k,2,215
pd3dvjq6g7,28,male,10,3,0,3,1,50,150,1,0,1,3,1,NaN,Inf,-Inf,1,3,12,employed,2k_3k,3,261
p2igo6qgaa,46,female,6,5,3,2,0.25,4.75,38,0.375,0,0.5,3,1,0.6666666666666666,0,1,0.25,8,16,employed,3k_4k,8,471
p05gc4bgi5,28,male,8,2,0,2,1,50,100,0,0,1,2,1,NaN,Inf,-Inf,1,2,18,employed,5k_x,2,141
pj761a7mlo,25,female,8,5,1,4,0.6666666666666666,13.166666666666666,79,0.25,0.16666666666666666,0.3333333333333333,2,0.4,-0.3333333333333333,-1,1,0.3333333333333333,6,19,employed,4k_5k,6,375
